firstname,lastname,email,username,password,street,city,county,postcode
Marietta,Buckridge,kareem16@hotmail.com,mbuckridge,iMOlmrVAeI,"14 Taylor St","St. Stephens Ward",Kent,"CT2 7PP"
Granville,Kohler,beaulah29@fisher.com,gkohler,5DqILkbOlr,"5 Binney St","Abbey Ward",Buckinghamshire,"HP11 2AX"
Hope,Hettinger,moore.antonietta@tremblay.com,hhettinger,hJSOmXKfIA,"8 Moor Place","East Southbourne and Tuckton W",Bournemouth,"BH6 3BE"
Elvis,Heaney,izaiah92@gmail.com,eheaney,NFb78w9G1cE,"5 Exeter Rd","Hawerby cum Beesby",Lincolnshire,"DN36 5RP"
Blair,Brown,uhowe@christiansen.org,bbrown,mJUvjqpS,"53 Forth Street","Greets Green and Lyng Ward","West Midlands","B70 9DT"
Emma,Kerluke,ella.nolan@hill.com,ekerluke,V8pCY2A5sk,"72 Lind St",Desborough,Northamptonshire,"NN14 2GH"
Clementine,Hartmann,margarette46@hotmail.com,chartmann6,iyxMo62SraE,"29 Augustine St","Staple Hill Ward","South Gloucestershire","BS16 4LL"
Mathew,Williamson,wkassulke@maggio.com,mwilliamson,as8e4o0Or1I,"62 Northampton St",Wilmington,Kent,"DA2 7PP"
Jaydon,McLaughlin,mabelle.luettgen@olson.com,jmclaughlin,xQPEeS7A58tn,"5 Hygeia St","Loundsley Green Ward",Derbyshire,"S40 4LY"
Aylin,Bartell,ronaldo12@gmail.com,abartell,RWrqlUmJD,"150 Morley St","Dee Ward","Dumfries and Galloway","DG8 7DE"
Kenya,Bergnaum,stephen73@gmail.com,kbergnaum,H7tSbiRwh,"24 Bolton St","Broxburn, Uphall and Winchburg","West Lothian","EH52 5TL"
Casandra,Hettinger,greta.tremblay@bergstrom.com,chettinger,PCYvfIicE,"4 Forrest St",Weston-Super-Mare,"North Somerset","BS23 3HG"
Hubert,Fisher,tromp.elinor@mann.com,hfisher,IUgnC2mkO,"89 Noon St",Carbrooke,Norfolk,"IP25 6JQ"
Dwight,Johns,juston.haley@yahoo.com,djohns,0W8FsoNz,"99 Guthrie St","New Milton",Hampshire,"BH25 5DF"
Verlie,D'Amore,jpacocha@pfeffer.com,vdamore,5Qoi184d,"7 Richmond St",Parkham,Devon,"EX39 5DJ"
Brenda,Bashirian,vladimir.maggio@mclaughlin.com,bbashirian,G6EeSurZ,"9165 Primrose St","Darnall Ward","Yorkshire, South","S4 7WN"
Demarco,Ruecker,kiel.rolfson@nienow.org,druecker,2IVw7AEm,"9 Pengwern St",Marldon,Devon,"TQ3 1SA"
Marvin,Auer,cronin.neoma@gmail.com,mauer7,9ENA0Bli,"44 Tarlton St","Prestatyn Community",Denbighshire,"LL19 9EG"
Zetta,Smith,kulas.hope@pfeffer.net,zsmith,K03zJfUhw,"68 Bourne St","Lye and Stourbridge North Ward","West Midlands","DY5 2QP"
Talon,Hane,wwalter@gutmann.info,thane9,M4azVCBDT7iY,"148 Rembrandt St",Warlingham,Surrey,"CR6 9SW"
Tom,Nitzsche,katherine06@gmail.com,tnitzsche,TFkXxiWvM,"61 Rossett St",Chichester,"West Sussex","PO19 1RH"
Fae,Rogahn,benjamin.block@gmail.com,frogahn,7cXBzOMVd,"41 Canning St","Steornabhagh a Deas Ward","Western Isles","HS1 2PZ"
Damian,Windler,emmerich.trey@gmail.com,dwindler,Cu7HG2YO,"89 Cadogan St","South Ward","North Eart Lincolnshire","DN33 1AU"
Elmira,Cruickshank,bkris@dach.com,ecruickshank,GAxLXzulgP,"11 Hobart St",Newquay,Cornwall,"TR7 1LS"
Nia,Sanford,erwin.runolfsson@yahoo.com,nsanford,R0opkUXAFeQn,"1 Birkett St","Shard End Ward","West Midlands","B33 0NH"
Reta,Kirlin,pwehner@gmail.com,rkirlin,hlP9BnaW4,"147 Blackstone St","Letchworth South West Ward",Hertfordshire,"SG6 3LE"
Wilson,Sporer,adolf64@gusikowski.com,wsporer,KDHrczlBpP,"129 Alexander Pope St","Franche Ward","Hereford and Worcester","DY11 9BW"
Gia,Doyle,timmothy.lemke@senger.info,gdoyle,hPx3YKJi0,"2 Birchfield Rd",Whittington,Shropshire,"SY11 4PH"
Joe,Wuckert,lowe.gillian@gmail.com,jwuckert,vLjs94lxgB,"23 Kempton Rd","Cockerton West Ward",Darlington,"DL3 0JF"
Brenna,Sipes,tpfannerstill@hotmail.com,bsipes,f5UetJh4MgAC,"63 Elstow St","Castle Ward","West Sussex","BN12 6PR"
